source_id,citation,title,year,authors,publisher_or_institution,venue_or_series,doi,url,source_tier,document_type,pdf_filename,page_count,text_extractable,chunk_count,metadata_completeness,bibliography_entry,redistribution_status,notes
1-s2.0-S0749597806000719-main,Bonaccio and Dalal (2006),Bonaccio and Dalal (2006),2006,,,,10.1016/j.obhdp.2006.07.001,https://doi.org/10.1016/j.obhdp.2006.07.001,Wider supporting literature,corpus PDF,1-s2.0-S0749597806000719-main.pdf,25,True,69,0.77,Bonaccio and Dalal (2006). https://doi.org/10.1016/j.obhdp.2006.07.001.,included in repository with project clearance,
1416674-EN,"UNESCO (2022), Recommendation on the Ethics of Artificial Intelligence",Recommendation on the Ethics of Artificial Intelligence,2022,,,,,,Wider supporting literature,corpus PDF,1416674-EN.pdf,44,True,46,0.62,"UNESCO (2022), Recommendation on the Ethics of Artificial Intelligence. Recommendation on the Ethics of Artificial Intelligence.",included in repository with project clearance,
1802.07228v2,Brundage et al. (2018),Brundage et al. (2018),2018,,,,,https://arxiv.org/abs/1802.07228,Wider supporting literature,corpus PDF,1802.07228v2.pdf,101,True,111,0.69,Brundage et al. (2018). https://arxiv.org/abs/1802.07228.,included in repository with project clearance,
31720-Article Text-35784-1-2-20241016,"Rocca et al. (2024), ELLIPS","Rocca et al. (2024), ELLIPS",2024,Roberta Rocca; Giada Pistilli; Kritika Maheshwari; Riccardo Fusaroli,,,,,Wider supporting literature,corpus PDF,31720-Article Text-35784-1-2-20241016.pdf,12,True,30,0.69,"Roberta Rocca, Giada Pistilli, Kritika Maheshwari, Riccardo Fusaroli (2024). Rocca et al. (2024), ELLIPS.",included in repository with project clearance,
4. Book_on_Computational_Awareness-9,Book on Computational Awareness,Book on Computational Awareness,,,,,,,Wider supporting literature,corpus PDF,4. Book_on_Computational_Awareness-9.pdf,29,True,41,0.54,Book on Computational Awareness.,included in repository with project clearance,
716110,"U.S. Government Accountability Office (2021), AI Accountability Framework",Artificial Intelligence: An Accountability Framework for Federal Agencies and Other Entities,2021,U.S. Government Accountability Office,,,,,Wider supporting literature,corpus PDF,716110.pdf,112,True,105,0.69,U.S. Government Accountability Office (2021). Artificial Intelligence: An Accountability Framework for Federal Agencies and Other Entities.,included in repository with project clearance,
AI_Engagement_within_Sony_Group,"Sony Group, AI Engagement Principles",AI Engagement Within Sony Group,2021,,,,,,Wider supporting literature,corpus PDF,AI_Engagement_within_Sony_Group.pdf,3,True,3,0.62,"Sony Group, AI Engagement Principles (2021). AI Engagement Within Sony Group.",included in repository with project clearance,
ASEAN-Guide-on-AI-Governance-and-Ethics_beautified_201223_v2,ASEAN Guide on AI Governance and Ethics,ASEAN Guide on AI Governance and Ethics,,,,,,,Wider supporting literature,corpus PDF,ASEAN-Guide-on-AI-Governance-and-Ethics_beautified_201223_v2.pdf,87,True,90,0.54,ASEAN Guide on AI Governance and Ethics.,included in repository with project clearance,
"Adaptable robots, ethics, and trust- a qualitative and philosophical exploration of the individual experience of trustworthy AI","Adaptable Robots, Ethics, and Trust","Adaptable Robots, Ethics, and Trust",2022,Stephanie Sheir,,,10.1007/s00146-024-01938-8,https://doi.org/10.1007/s00146-024-01938-8,Wider supporting literature,corpus PDF,"Adaptable robots, ethics, and trust- a qualitative and philosophical exploration of the individual experience of trustworthy AI.pdf",14,True,36,0.85,"Stephanie Sheir (2022). Adaptable Robots, Ethics, and Trust. https://doi.org/10.1007/s00146-024-01938-8.",included in repository with project clearance,
BMI25020-leitlinien-ki-bundesverwaltung,German Federal Administration AI Guidelines,German Federal Administration AI Guidelines,,,,,,,Wider supporting literature,corpus PDF,BMI25020-leitlinien-ki-bundesverwaltung.pdf,32,True,31,0.54,German Federal Administration AI Guidelines.,included in repository with project clearance,
Benchmarking Retrieval-Augmented Generation for Medicine,Benchmarking Retrieval-Augmented Generation for Medicine,Benchmarking Retrieval-Augmented Generation for Medicine,2023,,,,,,Wider supporting literature,corpus PDF,Benchmarking Retrieval-Augmented Generation for Medicine.pdf,19,True,35,0.62,Benchmarking Retrieval-Augmented Generation for Medicine (2023).,included in repository with project clearance,
Characterizing AI Agents for Alignment and Governance,Characterizing AI Agents for Alignment and Governance,Characterizing AI Agents for Alignment and Governance,2024,,,,,,Wider supporting literature,corpus PDF,Characterizing AI Agents for Alignment and Governance.pdf,29,True,38,0.62,Characterizing AI Agents for Alignment and Governance (2024).,included in repository with project clearance,
Charter voor verantwoord gebruik van ai in overheidsdiensten_0,Charter for Responsible Use of AI in Public Services,Charter for Responsible Use of AI in Public Services,,,,,,,Wider supporting literature,corpus PDF,Charter voor verantwoord gebruik van ai in overheidsdiensten_0.pdf,8,True,6,0.54,Charter for Responsible Use of AI in Public Services.,included in repository with project clearance,
Correa_etal2023,Correa et al. (2023),Correa et al. (2023),2023,Nicholas Kluge Corrêa,,,10.1016/j.patter.2023.100857,https://doi.org/10.1016/j.patter.2023.100857,Wider supporting literature,corpus PDF,Correa_etal2023.pdf,15,True,36,0.85,Nicholas Kluge Corrêa (2023). Correa et al. (2023). https://doi.org/10.1016/j.patter.2023.100857.,included in repository with project clearance,
D1.1 Local awareness  criteria,EMERGE D1.1,D1.1 Local Awareness Criteria,2023,renan,,,,,Core EMERGE deliverable,corpus PDF,D1.1 Local awareness  criteria.pdf,26,True,35,0.69,renan (2023). D1.1 Local Awareness Criteria.,included in repository with project clearance,
D1.2 Demarcating collaborative awareness from related concepts,EMERGE D1.2,D1.2 Demarcating Collaborative Awareness from Related Concepts,2024,Renan Picoreti,,,,,Core EMERGE deliverable,corpus PDF,D1.2 Demarcating collaborative awareness from related concepts.pdf,30,True,43,0.69,Renan Picoreti (2024). D1.2 Demarcating Collaborative Awareness from Related Concepts.,included in repository with project clearance,
D1.3 Dimensions of collaborative awareness,EMERGE D1.3,D1.3 Dimensions of Collaborative Awareness,2024,Renan Picoreti,,,,,Core EMERGE deliverable,corpus PDF,D1.3 Dimensions of collaborative awareness.pdf,42,True,62,0.69,Renan Picoreti (2024). D1.3 Dimensions of Collaborative Awareness.,included in repository with project clearance,
D2.2 Map of risks in AI- systems,EMERGE D2.2,D2.2 Map of Risks in AI Systems,2023,Renan Picoreti,,,,,Core EMERGE deliverable,corpus PDF,D2.2 Map of risks in AI- systems.pdf,29,True,42,0.69,Renan Picoreti (2023). D2.2 Map of Risks in AI Systems.,included in repository with project clearance,
D2.3 Map of risks and potentials for humans,EMERGE D2.3,D2.3 Map of Risks and Potentials for Humans,2024,Renan Picoreti,,,,,Core EMERGE deliverable,corpus PDF,D2.3 Map of risks and potentials for humans.pdf,29,True,39,0.69,Renan Picoreti (2024). D2.3 Map of Risks and Potentials for Humans.,included in repository with project clearance,
D2.4 Map of Ethical Virtues,EMERGE D2.4,D2.4 Map of Ethical Virtues,2025,,,,,,Core EMERGE deliverable,corpus PDF,D2.4 Map of Ethical Virtues.pdf,55,True,68,0.62,EMERGE D2.4 (2025). D2.4 Map of Ethical Virtues.,included in repository with project clearance,
D2.5_Ethical_Resilience,EMERGE D2.5,D2.5 Ethical Resilience,2025,Renan Picoreti,,,,,Core EMERGE deliverable,corpus PDF,D2.5_Ethical_Resilience.pdf,23,True,26,0.69,Renan Picoreti (2025). D2.5 Ethical Resilience.,included in repository with project clearance,
Danaher and Nyholm - 2025 - The ethics of personalised digital duplicates a minimally viable permissibility principle,Danaher and Nyholm (2025),The Ethics of Personalised Digital Duplicates: A Minimally Viable Permissibility Principle,2025,,,,10.1007/s43681-024-00513-7,https://doi.org/10.1007/s43681-024-00513-7,Adjacent literature,corpus PDF,Danaher and Nyholm - 2025 - The ethics of personalised digital duplicates a minimally viable permissibility principle.pdf,16,True,46,0.77,Danaher and Nyholm (2025). The Ethics of Personalised Digital Duplicates: A Minimally Viable Permissibility Principle. https://doi.org/10.1007/s43681-024-00513-7.,included in repository with project clearance,
Digital suffering  why it s a problem and how to prevent it,Digital Suffering,Digital Suffering: Why It Is a Problem and How to Prevent It,1965,Bradford Saad,,,10.1080/0020174X.2022.2144442,https://doi.org/10.1080/0020174X.2022.2144442,Adjacent literature,corpus PDF,Digital suffering  why it s a problem and how to prevent it.pdf,37,True,48,0.85,Bradford Saad (1965). Digital Suffering: Why It Is a Problem and How to Prevent It. https://doi.org/10.1080/0020174X.2022.2144442.,included in repository with project clearance,
EPRS_BRI(2019)640163_EN,European Parliament Research Service (2019),European Parliament Research Service (2019),2019,MADIEGA Tambiama,,,,,Wider supporting literature,corpus PDF,EPRS_BRI(2019)640163_EN.pdf,13,True,22,0.69,MADIEGA Tambiama (2019). European Parliament Research Service (2019).,included in repository with project clearance,
ESCAP-2023-PB-Ethics-AI-revised,"UN ESCAP (2023), Ethics of AI Policy Brief",Ethics of Artificial Intelligence: Policy Brief,2023,,,,,,Wider supporting literature,corpus PDF,ESCAP-2023-PB-Ethics-AI-revised.pdf,11,True,11,0.62,"UN ESCAP (2023), Ethics of AI Policy Brief. Ethics of Artificial Intelligence: Policy Brief.",included in repository with project clearance,
ESCAP-2023-WP-Ethics-AI,"UN ESCAP (2023), Ethics of AI Working Paper",Ethics of Artificial Intelligence: Working Paper,2023,MYHome,,,,,Wider supporting literature,corpus PDF,ESCAP-2023-WP-Ethics-AI.pdf,136,True,157,0.69,MYHome (2023). Ethics of Artificial Intelligence: Working Paper.,included in repository with project clearance,
Ethics and Governance of SentientAI,Ethics and Governance of Sentient AI,Ethics and Governance of Sentient AI,1956,Ebrar Gultekin,,,,,Adjacent literature,corpus PDF,Ethics and Governance of SentientAI.pdf,24,True,36,0.69,Ebrar Gultekin (1956). Ethics and Governance of Sentient AI.,included in repository with project clearance,
Future-of-the-corporation-Trust-trustworthiness-transparency,"British Academy, Trust, Trustworthiness and Transparency","British Academy, Trust, Trustworthiness and Transparency",2015,,,,,,Wider supporting literature,corpus PDF,Future-of-the-corporation-Trust-trustworthiness-transparency.pdf,4,True,9,0.62,"British Academy, Trust, Trustworthiness and Transparency (2015).",included in repository with project clearance,
Haas_etal_nature2026,Haas et al. (2026),Haas et al. (2026),2026,Julia Haas,,,10.1038/s41586-025-10021-1,https://doi.org/10.1038/s41586-025-10021-1,Wider supporting literature,corpus PDF,Haas_etal_nature2026.pdf,9,True,31,0.85,Julia Haas (2026). Haas et al. (2026). https://doi.org/10.1038/s41586-025-10021-1.,included in repository with project clearance,
Hagendorff2022,Hagendorff (2022),Hagendorff (2022),2022,Thilo Hagendorff,,,10.1007/s43681-021-00122-8,https://doi.org/10.1007/s43681-021-00122-8,Wider supporting literature,corpus PDF,Hagendorff2022.pdf,17,True,49,0.85,Thilo Hagendorff (2022). Hagendorff (2022). https://doi.org/10.1007/s43681-021-00122-8.,included in repository with project clearance,
IEEE ETHICALLY ALIGNED DESIGN_v2,"IEEE, Ethically Aligned Design",Ethically Aligned Design: A Vision for Prioritizing Human Well-being with Autonomous and Intelligent Systems,2019,,,,,,Wider supporting literature,corpus PDF,IEEE ETHICALLY ALIGNED DESIGN_v2.pdf,266,True,292,0.62,"IEEE, Ethically Aligned Design (2019). Ethically Aligned Design: A Vision for Prioritizing Human Well-being with Autonomous and Intelligent Systems.",included in repository with project clearance,
Jobin_etal2019,Jobin et al. (2019),Jobin et al. (2019),2019,Anna Jobin,,,10.1038/s42256-019-0088-2,https://doi.org/10.1038/s42256-019-0088-2,Wider supporting literature,corpus PDF,Jobin_etal2019.pdf,11,True,30,0.85,Anna Jobin (2019). Jobin et al. (2019). https://doi.org/10.1038/s42256-019-0088-2.,included in repository with project clearance,
Lange_etal_NPJCommunication_2025,Lange et al. (2025),Lange et al. (2025),2025,Benjamin Lange,,,10.1038/s44387-025-00041-7,https://doi.org/10.1038/s44387-025-00041-7,Wider supporting literature,corpus PDF,Lange_etal_NPJCommunication_2025.pdf,3,True,9,0.85,Benjamin Lange (2025). Lange et al. (2025). https://doi.org/10.1038/s44387-025-00041-7.,included in repository with project clearance,
Microsoft-Responsible-AI-Standard-General-Requirements,Microsoft Responsible AI Standard,Responsible AI Standard: General Requirements,2022,,,,,,Wider supporting literature,corpus PDF,Microsoft-Responsible-AI-Standard-General-Requirements.pdf,27,True,21,0.62,Microsoft Responsible AI Standard (2022). Responsible AI Standard: General Requirements.,included in repository with project clearance,
Munn2023,Munn (2023),Munn (2023),2023,Luke Munn,,,10.1007/s43681-022-00209-w,https://doi.org/10.1007/s43681-022-00209-w,Wider supporting literature,corpus PDF,Munn2023.pdf,9,True,25,0.85,Luke Munn (2023). Munn (2023). https://doi.org/10.1007/s43681-022-00209-w.,included in repository with project clearance,
NASA-TM-20210012886,NASA Technical Memorandum 20210012886,NASA Technical Memorandum 20210012886,2021,wbaize,,,,,Wider supporting literature,corpus PDF,NASA-TM-20210012886.pdf,35,True,44,0.69,wbaize (2021). NASA Technical Memorandum 20210012886.,included in repository with project clearance,
NIST.AI.100-1,NIST AI Risk Management Framework,Artificial Intelligence Risk Management Framework (AI RMF 1.0),2028,National Institute of Standards; Technology,,,10.6028/NIST.AI.100-1,https://doi.org/10.6028/NIST.AI.100-1,Wider supporting literature,corpus PDF,NIST.AI.100-1.pdf,48,True,50,0.85,"National Institute of Standards, Technology (2028). Artificial Intelligence Risk Management Framework (AI RMF 1.0). https://doi.org/10.6028/NIST.AI.100-1.",included in repository with project clearance,
National-Strategy-for-Artificial-Intelligence,National Strategy for Artificial Intelligence,National Strategy for Artificial Intelligence,,Arnab Kumar,,,,,Wider supporting literature,corpus PDF,National-Strategy-for-Artificial-Intelligence.pdf,114,True,139,0.62,Arnab Kumar. National Strategy for Artificial Intelligence.,included in repository with project clearance,
OECD-LEGAL-0449-en,OECD AI Principles,Recommendation of the Council on Artificial Intelligence,2019,Kemal ERDOGAN,,,,,EU/policy source,corpus PDF,OECD-LEGAL-0449-en.pdf,12,True,15,0.69,Kemal ERDOGAN (2019). Recommendation of the Council on Artificial Intelligence.,included in repository with project clearance,
OJ_L_202401689_EN_TXT,EU AI Act (Regulation (EU) 2024/1689),"Regulation (EU) 2024/1689, the EU Artificial Intelligence Act",2024,Publications Office of the European Union L-2985 Luxembourg LUXEMBOURG,,,,,EU/policy source,corpus PDF,OJ_L_202401689_EN_TXT.pdf,144,True,286,0.69,"Publications Office of the European Union L-2985 Luxembourg LUXEMBOURG (2024). Regulation (EU) 2024/1689, the EU Artificial Intelligence Act.",included in repository with project clearance,
PIIS1364661325002864,Trends in Cognitive Sciences article (2025),Trends in Cognitive Sciences article (2025),2025,Patrick Butlin,,,10.1016/j.tics.2025.10.011,https://doi.org/10.1016/j.tics.2025.10.011,Wider supporting literature,corpus PDF,PIIS1364661325002864.pdf,14,True,32,0.85,Patrick Butlin (2025). Trends in Cognitive Sciences article (2025). https://doi.org/10.1016/j.tics.2025.10.011.,included in repository with project clearance,
Psychology of Women Quarterly - December 1980 - Spence - Masculine Instrumentality and Feminine Expressiveness  Their,Spence (1980),Spence (1980),1980,,,,10.1111/j.1471-6402.1980.tb00951.x,https://doi.org/10.1111/j.1471-6402.1980.tb00951.x,Wider supporting literature,corpus PDF,Psychology of Women Quarterly - December 1980 - Spence - Masculine Instrumentality and Feminine Expressiveness  Their.pdf,17,True,24,0.77,Spence (1980). https://doi.org/10.1111/j.1471-6402.1980.tb00951.x.,included in repository with project clearance,
Resource Guide on AI Strategies_June 2021,Resource Guide on AI Strategies (2021),Resource Guide on Artificial Intelligence Strategies,2021,Adi Ziona Adamit,,,,,Wider supporting literature,corpus PDF,Resource Guide on AI Strategies_June 2021.pdf,120,True,131,0.69,Adi Ziona Adamit (2021). Resource Guide on Artificial Intelligence Strategies.,included in repository with project clearance,
Scientists on ‘urgent’ quest to explain consciousness as AI gathers pace _ERC,"European Research Council, Scientists on Consciousness and AI","European Research Council, Scientists on Consciousness and AI",2025,,,,10.3389/fsci.2025.1546279/full,https://doi.org/10.3389/fsci.2025.1546279/full,Wider supporting literature,corpus PDF,Scientists on ‘urgent’ quest to explain consciousness as AI gathers pace _ERC.pdf,5,True,5,0.77,"European Research Council, Scientists on Consciousness and AI (2025). https://doi.org/10.3389/fsci.2025.1546279/full.",included in repository with project clearance,
Taking AI Welfare Seriously,"Long and Sebo et al. (2024), Taking AI Welfare Seriously",Taking AI Welfare Seriously,2024,,,,,,Adjacent literature,corpus PDF,Taking AI Welfare Seriously.pdf,62,True,100,0.62,"Long and Sebo et al. (2024), Taking AI Welfare Seriously. Taking AI Welfare Seriously.",included in repository with project clearance,
Telia Company Guiding Principles on Trusted AI ethics (1),"Telia Company, Guiding Principles on Trusted AI Ethics",Guiding Principles on Trusted AI Ethics,2023,Grudén; Annika,,,,,Wider supporting literature,corpus PDF,Telia Company Guiding Principles on Trusted AI ethics (1).pdf,3,True,3,0.69,"Grudén, Annika (2023). Guiding Principles on Trusted AI Ethics.",included in repository with project clearance,
The AI Agent Index,The AI Agent Index,The AI Agent Index,2024,Stephen Casper; Luke Bailey; Rosco Hunter; Carson Ezell; Emma Cabalé; Michael Gerovitch; Stewart Slocum; Kevin Wei; Nikola Jurkovic; Ariba Khan; Phillip Christoffersen; A. Pinar Ozisik; Rakshit Trivedi; Dylan Hadfield-Menell; Noam Kolt,,,,,Wider supporting literature,corpus PDF,The AI Agent Index.pdf,15,True,28,0.69,"Stephen Casper, Luke Bailey, Rosco Hunter, Carson Ezell, Emma Cabalé, Michael Gerovitch, Stewart Slocum, Kevin Wei, Nikola Jurkovic, Ariba Khan, Phillip Christoffersen, A. Pinar Ozisik, Rakshit Trivedi, Dylan Hadfield-Menell, Noam Kolt (2024). The AI Agent Index.",included in repository with project clearance,
The Ethics of Advanced AI Assistants,The Ethics of Advanced AI Assistants,The Ethics of Advanced AI Assistants,2024,,,,,,Wider supporting literature,corpus PDF,The Ethics of Advanced AI Assistants.pdf,273,True,540,0.62,The Ethics of Advanced AI Assistants (2024).,included in repository with project clearance,
The Moral Consideration of Artificial Entities- A Literature,The Moral Consideration of Artificial Entities,The Moral Consideration of Artificial Entities: A Literature Review,2020,Jamie Harris,,,10.1007/s11948-021-00331-8,https://doi.org/10.1007/s11948-021-00331-8,Adjacent literature,corpus PDF,The Moral Consideration of Artificial Entities- A Literature.pdf,95,True,136,0.85,Jamie Harris (2020). The Moral Consideration of Artificial Entities: A Literature Review. https://doi.org/10.1007/s11948-021-00331-8.,included in repository with project clearance,
The ethics of aware and collective artificial intelligence systems,The Ethics of Aware and Collective Artificial Intelligence Systems,The Ethics of Aware and Collective Artificial Intelligence Systems,2016,,,,,,Wider supporting literature,corpus PDF,The ethics of aware and collective artificial intelligence systems.pdf,9,True,9,0.62,The Ethics of Aware and Collective Artificial Intelligence Systems (2016).,included in repository with project clearance,
Translation_ Chinese AI Alliance Drafts Self-Discipline 'Joint Pledge' - New America,"New America translation, Chinese AI Alliance Joint Pledge","New America translation, Chinese AI Alliance Joint Pledge",2017,,,,,,Wider supporting literature,corpus PDF,Translation_ Chinese AI Alliance Drafts Self-Discipline 'Joint Pledge' - New America.pdf,4,True,5,0.62,"New America translation, Chinese AI Alliance Joint Pledge (2017).",included in repository with project clearance,
Translation_ Chinese Expert Group Offers 'Governance Principles' for 'Responsible AI' - New America,"New America translation, Chinese Responsible AI Governance Principles","New America translation, Chinese Responsible AI Governance Principles",2026,,,,,,Wider supporting literature,corpus PDF,Translation_ Chinese Expert Group Offers 'Governance Principles' for 'Responsible AI' - New America.pdf,3,True,4,0.62,"New America translation, Chinese Responsible AI Governance Principles (2026).",included in repository with project clearance,
Ukraine Voluntary CoC,Ukraine Voluntary Code of Conduct on AI,Ukraine Voluntary Code of Conduct on AI,,Анастасія Бистрицька,,,,,Wider supporting literature,corpus PDF,Ukraine Voluntary CoC.pdf,17,True,11,0.62,Анастасія Бистрицька. Ukraine Voluntary Code of Conduct on AI.,included in repository with project clearance,
VallorVierkant2024,Vallor and Vierkant (2024),Vallor and Vierkant (2024),2024,,,,10.1007/s11023-024-09674-0,https://doi.org/10.1007/s11023-024-09674-0,Wider supporting literature,corpus PDF,VallorVierkant2024.pdf,23,True,40,0.77,Vallor and Vierkant (2024). https://doi.org/10.1007/s11023-024-09674-0.,included in repository with project clearance,
Vereschak,Vereschak et al.,Vereschak et al.,2021,"Oleksandra Vereschak, Gilles Bailly,; Baptiste Caramiaux",,,10.1145/3476068,https://doi.org/10.1145/3476068,Wider supporting literature,corpus PDF,Vereschak.pdf,39,True,75,0.85,"Oleksandra Vereschak, Gilles Bailly,, Baptiste Caramiaux (2021). Vereschak et al. https://doi.org/10.1145/3476068.",included in repository with project clearance,
ai-ethics-guidelines,"EU Ethics Guidelines for Trustworthy AI (HLEG, 2019)",Ethics Guidelines for Trustworthy AI,2019,AEPD,,,,,EU/policy source,corpus PDF,ai-ethics-guidelines.pdf,41,True,73,0.69,AEPD (2019). Ethics Guidelines for Trustworthy AI.,included in repository with project clearance,
ai-report,AI Report,AI Report,2023,U.S. Department of Education,,,,,Wider supporting literature,corpus PDF,ai-report.pdf,71,True,91,0.69,U.S. Department of Education (2023). AI Report.,included in repository with project clearance,
artificial-suffering-an-argument-for-a-global-moratorium-on-synthetic-phenomenology,Artificial Suffering and Synthetic Phenomenology,Artificial Suffering and Synthetic Phenomenology,2009,Thomas Metzinger (1Philosophisches Seminar; Johannes Gutenberg-Universität Mainz; D-55099 Mainz; Germany),,,10.1142/S270507852150003X,https://doi.org/10.1142/S270507852150003X,Adjacent literature,corpus PDF,artificial-suffering-an-argument-for-a-global-moratorium-on-synthetic-phenomenology.pdf,24,True,39,0.85,"Thomas Metzinger (1Philosophisches Seminar, Johannes Gutenberg-Universität Mainz, D-55099 Mainz, Germany) (2009). Artificial Suffering and Synthetic Phenomenology. https://doi.org/10.1142/S270507852150003X.",included in repository with project clearance,
doc_38,"European Parliament, What If Generative AI Became Conscious?",What If Generative Artificial Intelligence Became Conscious?,2023,ERBACH Gregor,,,,,Wider supporting literature,corpus PDF,doc_38.pdf,2,True,5,0.69,ERBACH Gregor (2023). What If Generative Artificial Intelligence Became Conscious?.,included in repository with project clearance,
doc_42,Should We Fear Artificial Intelligence?,Should We Fear Artificial Intelligence?,2018,MANIRAMBONA Rachel,,,,,Wider supporting literature,corpus PDF,doc_42.pdf,40,True,58,0.69,MANIRAMBONA Rachel (2018). Should We Fear Artificial Intelligence?.,included in repository with project clearance,
dubai ai-ethics,Dubai AI Ethics Principles and Guidelines,Dubai AI Ethics Principles and Guidelines,,,,,,,Wider supporting literature,corpus PDF,dubai ai-ethics.pdf,35,True,26,0.54,Dubai AI Ethics Principles and Guidelines.,included in repository with project clearance,
everydayethics,Everyday Ethics for Artificial Intelligence,Everyday Ethics for Artificial Intelligence,2022,,,,,,Wider supporting literature,corpus PDF,everydayethics.pdf,27,True,15,0.62,Everyday Ethics for Artificial Intelligence (2022).,included in repository with project clearance,
floridi_etal2018,Floridi et al. (2018),Floridi et al. (2018),2018,Luciano Floridi,,,10.1007/s11023-018-9482-5,https://doi.org/10.1007/s11023-018-9482-5,Wider supporting literature,corpus PDF,floridi_etal2018.pdf,19,True,28,0.85,Luciano Floridi (2018). Floridi et al. (2018). https://doi.org/10.1007/s11023-018-9482-5.,included in repository with project clearance,
frai-06-1020592,Frontiers in Robotics and AI article 1020592,Frontiers in Robotics and AI article 1020592,2020,Charles Radclyffe,,,10.3389/frai.2023.1020592,https://doi.org/10.3389/frai.2023.1020592,Wider supporting literature,corpus PDF,frai-06-1020592.pdf,10,True,27,0.85,Charles Radclyffe (2020). Frontiers in Robotics and AI article 1020592. https://doi.org/10.3389/frai.2023.1020592.,included in repository with project clearance,
fu_ir8hyn25gaatz92,"China MOST, Ethical Norms for New Generation Artificial Intelligence",Ethical Norms for New Generation Artificial Intelligence,2017,,,,,,Wider supporting literature,corpus PDF,fu_ir8hyn25gaatz92.pdf,6,True,7,0.62,"China MOST, Ethical Norms for New Generation Artificial Intelligence (2017). Ethical Norms for New Generation Artificial Intelligence.",included in repository with project clearance,
gino_etal_2009,Gino et al. (2009),Gino et al. (2009),2009,"""Francesca Gino; Jen Shang; Rachel Croson""",,,10.1016/j.obhdp.2008.08.002,https://doi.org/10.1016/j.obhdp.2008.08.002,Wider supporting literature,corpus PDF,gino_etal_2009.pdf,16,True,48,0.85,"""Francesca Gino, Jen Shang, Rachel Croson"" (2009). Gino et al. (2009). https://doi.org/10.1016/j.obhdp.2008.08.002.",included in repository with project clearance,
hagendorf2019,Hagendorff (2019),Hagendorff (2019),2019,Thilo Hagendorff,,,10.1007/s11023-020-09517-8,https://doi.org/10.1007/s11023-020-09517-8,Wider supporting literature,corpus PDF,hagendorf2019.pdf,22,True,42,0.85,Thilo Hagendorff (2019). Hagendorff (2019). https://doi.org/10.1007/s11023-020-09517-8.,included in repository with project clearance,
robots-should-be-slaves,"Bryson, Robots Should Be Slaves","Bryson, Robots Should Be Slaves",1997,,,,,,Wider supporting literature,corpus PDF,robots-should-be-slaves.pdf,12,True,18,0.62,"Bryson, Robots Should Be Slaves (1997).",included in repository with project clearance,
robustness and explainability of artificial intelligence-KJNA30040ENN,Robustness and Explainability of Artificial Intelligence,Robustness and Explainability of Artificial Intelligence,2020,BAILEY Gianluca (JRC-ISPRA),,,10.2760/57493,https://doi.org/10.2760/57493,Wider supporting literature,corpus PDF,robustness and explainability of artificial intelligence-KJNA30040ENN.pdf,40,True,58,0.85,BAILEY Gianluca (JRC-ISPRA) (2020). Robustness and Explainability of Artificial Intelligence. https://doi.org/10.2760/57493.,included in repository with project clearance,
rsta.2018.0085,Philosophical Transactions A article 2018.0085,Philosophical Transactions A article 2018.0085,2018,,,,10.1098/rsta.2018.0085,https://doi.org/10.1098/rsta.2018.0085,Wider supporting literature,corpus PDF,rsta.2018.0085.pdf,13,True,23,0.77,Philosophical Transactions A article 2018.0085. https://doi.org/10.1098/rsta.2018.0085.,included in repository with project clearance,
s10676-020-09573-9,Ethics and Information Technology article 09573-9,Ethics and Information Technology article 09573-9,2018,Amanda Sharkey,,,10.1007/s10676-020-09573-9,https://doi.org/10.1007/s10676-020-09573-9,Wider supporting literature,corpus PDF,s10676-020-09573-9.pdf,8,True,23,0.85,Amanda Sharkey (2018). Ethics and Information Technology article 09573-9. https://doi.org/10.1007/s10676-020-09573-9.,included in repository with project clearance,
s11623-019-1183-6,AI & Society article 1183-6,AI & Society article 1183-6,2019,,,,,,Wider supporting literature,corpus PDF,s11623-019-1183-6.pdf,1,True,3,0.62,AI & Society article 1183-6 (2019).,included in repository with project clearance,
s11948-019-00146-8,Science and Engineering Ethics article 00146-8,Science and Engineering Ethics article 00146-8,2018,Mark Coeckelbergh,,,10.1007/s11948-019-00146-8,https://doi.org/10.1007/s11948-019-00146-8,Wider supporting literature,corpus PDF,s11948-019-00146-8.pdf,18,True,30,0.85,Mark Coeckelbergh (2018). Science and Engineering Ethics article 00146-8. https://doi.org/10.1007/s11948-019-00146-8.,included in repository with project clearance,
s13347-021-00454-7,List (2021),Group Agency and Artificial Intelligence,2021,Christian List,,,10.1007/s13347-021-00454-7,https://doi.org/10.1007/s13347-021-00454-7,Wider supporting literature,corpus PDF,s13347-021-00454-7.pdf,30,True,51,0.85,Christian List (2021). Group Agency and Artificial Intelligence. https://doi.org/10.1007/s13347-021-00454-7.,included in repository with project clearance,
s13347-024-00718-y,Philosophy & Technology article 00718-y,Philosophy & Technology article 00718-y,2021,Isaac Taylor,,,10.1007/s13347-024-00718-y,https://doi.org/10.1007/s13347-024-00718-y,Wider supporting literature,corpus PDF,s13347-024-00718-y.pdf,18,True,31,0.85,Isaac Taylor (2021). Philosophy & Technology article 00718-y. https://doi.org/10.1007/s13347-024-00718-y.,included in repository with project clearance,
s41599-025-04532-5,Humanities and Social Sciences Communications article 04532-5,Humanities and Social Sciences Communications article 04532-5,2025,Hannah Rose Kirk,,,10.1057/s41599-025-04532-5,https://doi.org/10.1057/s41599-025-04532-5,Wider supporting literature,corpus PDF,s41599-025-04532-5.pdf,9,True,32,0.85,Hannah Rose Kirk (2025). Humanities and Social Sciences Communications article 04532-5. https://doi.org/10.1057/s41599-025-04532-5.,included in repository with project clearance,
s43681-022-00167-3,Siebert et al. (2023),Meaningful Human Control: Actionable Properties for AI System Development,2023,Luciano Cavalcante Siebert,,,10.1007/s43681-022-00167-3,https://doi.org/10.1007/s43681-022-00167-3,Wider supporting literature,corpus PDF,s43681-022-00167-3.pdf,15,True,40,0.85,Luciano Cavalcante Siebert (2023). Meaningful Human Control: Actionable Properties for AI System Development. https://doi.org/10.1007/s43681-022-00167-3.,included in repository with project clearance,
s43681-024-00419-4,Placani (2024),Anthropomorphism in AI: Hype and Fallacy,2024,Adriana Placani,,,10.1007/s43681-024-00419-4,https://doi.org/10.1007/s43681-024-00419-4,Wider supporting literature,corpus PDF,s43681-024-00419-4.pdf,8,True,22,0.85,Adriana Placani (2024). Anthropomorphism in AI: Hype and Fallacy. https://doi.org/10.1007/s43681-024-00419-4.,included in repository with project clearance,
s43681-025-00749-x,Bolgouras et al. (2025),EU Regulatory Ecosystem for Ethical AI,2025,,,,10.1007/s43681-025-00749-x,https://doi.org/10.1007/s43681-025-00749-x,Wider supporting literature,corpus PDF,s43681-025-00749-x.pdf,18,True,40,0.77,Bolgouras et al. (2025). EU Regulatory Ecosystem for Ethical AI. https://doi.org/10.1007/s43681-025-00749-x.,included in repository with project clearance,
sniezekBuckly1995,SniezekBuckly1995,SniezekBuckly1995,1999,,,,,,Wider supporting literature,corpus PDF,sniezekBuckly1995.pdf,16,False,0,0.62,SniezekBuckly1995 (1999).,included in repository with project clearance,
sniezek_vanSwol2001,Sniezek and Van Swol (2001),Sniezek and Van Swol (2001),2001,Janet A. Sniezek; Lyn M. Van Swol,,,10.1006/obhd.2000.2926,https://doi.org/10.1006/obhd.2000.2926,Wider supporting literature,corpus PDF,sniezek_vanSwol2001.pdf,20,True,28,0.85,"Janet A. Sniezek, Lyn M. Van Swol (2001). Sniezek and Van Swol (2001). https://doi.org/10.1006/obhd.2000.2926.",included in repository with project clearance,
understanding_artificial_intelligence_ethics_and_safety,"Leslie (2019), Understanding Artificial Intelligence Ethics and Safety","Leslie (2019), Understanding Artificial Intelligence Ethics and Safety",2019,,,,10.5281/zenodo.3240529,https://doi.org/10.5281/zenodo.3240529,Wider supporting literature,corpus PDF,understanding_artificial_intelligence_ethics_and_safety.pdf,97,True,132,0.77,"Leslie (2019), Understanding Artificial Intelligence Ethics and Safety. https://doi.org/10.5281/zenodo.3240529.",included in repository with project clearance,
winfield-et-al-2025,Winfield et al. (2025),Winfield et al. (2025),2025,,,,10.1098/rsta.2024.0142,https://doi.org/10.1098/rsta.2024.0142,Wider supporting literature,corpus PDF,winfield-et-al-2025.pdf,24,True,40,0.77,Winfield et al. (2025). https://doi.org/10.1098/rsta.2024.0142.,included in repository with project clearance,
《新一代人工智能伦理规范》发布-中华人民共和国科学技术部,"China Ministry of Science and Technology, New Generation AI Ethics Norms","China Ministry of Science and Technology, New Generation AI Ethics Norms",2026,,,,,,Wider supporting literature,corpus PDF,《新一代人工智能伦理规范》发布-中华人民共和国科学技术部.pdf,4,True,1,0.62,"China Ministry of Science and Technology, New Generation AI Ethics Norms (2026).",included in repository with project clearance,
